Id,Label,Type
"Abadie, Michel","Abadie, Michel",Collaborateur
Abbé Jouet,Abbé Jouet,Collaborateur
"Adam, Paul","Adam, Paul",Collaborateur
"Aimel, Henri","Aimel, Henri",Collaborateur
"Ajalbert, Jean","Ajalbert, Jean",Collaborateur
"Ajy, Auguste","Ajy, Auguste",Collaborateur
"Alavaill, Justin","Alavaill, Justin",Collaborateur
"Albert, Charles","Albert, Charles",Collaborateur
"Albert, Henri","Albert, Henri",Collaborateur
"Alberti, Konrad","Alberti, Konrad",Collaborateur
"Ale, Georges d'","Ale, Georges d'",Collaborateur
"Alexander-Marius, Mme Emilie","Alexander-Marius, Mme Emilie",Collaborateur
"Alexandre, Arsène","Alexandre, Arsène",Collaborateur
"Alexis, Paul","Alexis, Paul",Collaborateur
"Anastay, Léon","Anastay, Léon",Collaborateur
"Andelles, J. H. des","Andelles, J. H. des",Collaborateur
"Anet, Claude","Anet, Claude",Collaborateur
"Anivel, C. d'","Anivel, C. d'",Collaborateur
"Annunzio, Gabriel d'","Annunzio, Gabriel d'",Collaborateur
Anquetin,Anquetin,Collaborateur
"Antéorte, Chavarche","Antéorte, Chavarche",Collaborateur
"Antoine, Jules","Antoine, Jules",Collaborateur
"Apollinaire, Guillaume","Apollinaire, Guillaume",Collaborateur
"Ardisson, Jean","Ardisson, Jean",Collaborateur
"Argus, C.-G.","Argus, C.-G.",Collaborateur
"Argyriadès, P.","Argyriadès, P.",Collaborateur
Aristophane,Aristophane,Collaborateur
"Armanieux, Marc","Armanieux, Marc",Collaborateur
"Arnauld, Michel","Arnauld, Michel",Collaborateur
"Athys, Alfred","Athys, Alfred",Collaborateur
"Audiger, F.","Audiger, F.",Collaborateur
"August, Karl","August, Karl",Collaborateur
"Aurier, G.-Albert","Aurier, G.-Albert",Collaborateur
"Auriol, George","Auriol, George",Collaborateur
"Austen, Jane","Austen, Jane",Collaborateur
Avatar,Avatar,Collaborateur
"Aviotte, L.","Aviotte, L.",Collaborateur
"Aviragnet, Onésime","Aviragnet, Onésime",Collaborateur
"Axa, Zo d'","Axa, Zo d'",Collaborateur
Aymerillot,Aymerillot,Collaborateur
B.,B.,Collaborateur
"B.P. Hasdeu, Julie","B.P. Hasdeu, Julie",Collaborateur
"Baignères, Jacques","Baignères, Jacques",Collaborateur
"Bailliot, Marcel","Bailliot, Marcel",Collaborateur
"Bailly, Edmond","Bailly, Edmond",Collaborateur
"Bakounine, Michel","Bakounine, Michel",Collaborateur
"Balluriau, Paul","Balluriau, Paul",Collaborateur
"Baragnon, Louis-N.","Baragnon, Louis-N.",Collaborateur
"Baral, Julien","Baral, Julien",Collaborateur
"Barbey d'Aurevilly, Jules","Barbey d'Aurevilly, Jules",Collaborateur
"Baret, Le Docteur L.J.E.","Baret, Le Docteur L.J.E.",Collaborateur
"Barlet, F.-Ch.","Barlet, F.-Ch.",Collaborateur
"Barrau, Auguste","Barrau, Auguste",Collaborateur
"Barrès, Maurice","Barrès, Maurice",Collaborateur
Barrias,Barrias,Collaborateur
"Barrucand, Victor","Barrucand, Victor",Collaborateur
Baruch,Baruch,Collaborateur
"Bastit, Gaston","Bastit, Gaston",Collaborateur
"Bataille, Henri","Bataille, Henri",Collaborateur
"Batilliat, Marcel","Batilliat, Marcel",Collaborateur
"Baudelaire, Charles","Baudelaire, Charles",Collaborateur
"Bayle, Charles","Bayle, Charles",Collaborateur
"Bazalgette, Léon","Bazalgette, Léon",Collaborateur
"Beaubourg, Maurice","Beaubourg, Maurice",Collaborateur
Belfort-Bax,Belfort-Bax,Collaborateur
"Belugou, Léon","Belugou, Léon",Collaborateur
"Benda, Julien","Benda, Julien",Collaborateur
"Benoit-Lévy, Jules","Benoit-Lévy, Jules",Collaborateur
"Bérenger, Henri","Bérenger, Henri",Collaborateur
"Bergame, Jean de","Bergame, Jean de",Collaborateur
"Bernard, Georges","Bernard, Georges",Collaborateur
"Bernard, Tristan","Bernard, Tristan",Collaborateur
"Bernard-Kahler, Georges","Bernard-Kahler, Georges",Collaborateur
"Bernède, Arthur","Bernède, Arthur",Collaborateur
"Bernier, Robert","Bernier, Robert",Collaborateur
"Berr, Mary","Berr, Mary",Collaborateur
"Berrichon, Paterne","Berrichon, Paterne",Collaborateur
"Berson, Henri","Berson, Henri",Collaborateur
"Bertgues, Louis","Bertgues, Louis",Collaborateur
"Berthelot, André","Berthelot, André",Collaborateur
"Bertrand, Louis","Bertrand, Louis",Collaborateur
"Bertrand, Pierre","Bertrand, Pierre",Collaborateur
"Besnard, Albert","Besnard, Albert",Collaborateur
"Besse, Louis","Besse, Louis",Collaborateur
"Bévylle, Alphonse de A. B.-L.","Bévylle, Alphonse de A. B.-L.",Collaborateur
"Bhray, Charles de","Bhray, Charles de",Collaborateur
"Bierbaum, Otto-Julius","Bierbaum, Otto-Julius",Collaborateur
"Bigeon, Maurice","Bigeon, Maurice",Collaborateur
"Bing, S.","Bing, S.",Collaborateur
"Bjornson, Bjornstjerne","Bjornson, Bjornstjerne",Collaborateur
"Blanchedieu, Jacques","Blanchedieu, Jacques",Collaborateur
"Blatin, Dr","Blatin, Dr",Collaborateur
"Blée, Catulle","Blée, Catulle",Collaborateur
"Blemont, Emile","Blemont, Emile",Collaborateur
"Bloy, Léon","Bloy, Léon",Collaborateur
"Blum, Léon","Blum, Léon",Collaborateur
"Blum, Maxime","Blum, Maxime",Collaborateur
"Bochard, L.","Bochard, L.",Collaborateur
"Boès, Karl","Boès, Karl",Collaborateur
"Boilley, Paul","Boilley, Paul",Collaborateur
"Bois, Jules","Bois, Jules",Collaborateur
"Boissier, François","Boissier, François",Collaborateur
"Boix, Emile","Boix, Emile",Collaborateur
"Bonifas, Charles","Bonifas, Charles",Collaborateur
"Bonin, Charles-Eudes","Bonin, Charles-Eudes",Collaborateur
"Bonjean, François","Bonjean, François",Collaborateur
"Bonnamour, George (Jules Couturat)","Bonnamour, George (Jules Couturat)",Collaborateur
"Bonnard, Pierre","Bonnard, Pierre",Collaborateur
"Bonner, G.","Bonner, G.",Collaborateur
"Bonneron, Geo","Bonneron, Geo",Collaborateur
"Bonnet des Tuves, Félix","Bonnet des Tuves, Félix",Collaborateur
"Bonnier, Ch.","Bonnier, Ch.",Collaborateur
"Bonnin, J.","Bonnin, J.",Collaborateur
"Bonthoux, A.","Bonthoux, A.",Collaborateur
"Bordeaux, Henri","Bordeaux, Henri",Collaborateur
"Bosdeveix, Eugène","Bosdeveix, Eugène",Collaborateur
"Bossanne, Henri","Bossanne, Henri",Collaborateur
"Boubert, Alphonse","Boubert, Alphonse",Collaborateur
"Bouchor, Maurice","Bouchor, Maurice",Collaborateur
"Boudard, René","Boudard, René",Collaborateur
"Boudier, E.","Boudier, E.",Collaborateur
"Boulenger, Marcel","Boulenger, Marcel",Collaborateur
"Bourdelle, Emile","Bourdelle, Emile",Collaborateur
"Bourdon, Georges","Bourdon, Georges",Collaborateur
"Bouret, Georges","Bouret, Georges",Collaborateur
"Bourgain, G.","Bourgain, G.",Collaborateur
"Bourget, Paul","Bourget, Paul",Collaborateur
"Bournand, François","Bournand, François",Collaborateur
"Bourson, Alexandre","Bourson, Alexandre",Collaborateur
"Boutet, Henri","Boutet, Henri",Collaborateur
"Boutin, Paul","Boutin, Paul",Collaborateur
"Boutique, Alexandre","Boutique, Alexandre",Collaborateur
"Bouyer, Raymond","Bouyer, Raymond",Collaborateur
"Boylesve, René","Boylesve, René",Collaborateur
"Boz, Pierre","Boz, Pierre",Collaborateur
"Braisne, Henri de","Braisne, Henri de",Collaborateur
"Braisnes, Henri de","Braisnes, Henri de",Collaborateur
"Brandal, Geo","Brandal, Geo",Collaborateur
Branting,Branting,Collaborateur
"Braut, Jules","Braut, Jules",Collaborateur
"Bressac, Henri","Bressac, Henri",Collaborateur
"Bretin, Horace","Bretin, Horace",Collaborateur
"Brière, Albert","Brière, Albert",Collaborateur
"Brinn'Gaubast, Louis Pilate de","Brinn'Gaubast, Louis Pilate de",Collaborateur
"Brissac, Henri","Brissac, Henri",Collaborateur
"Brocelyande, Viviane de","Brocelyande, Viviane de",Collaborateur
Brodjàga,Brodjàga,Collaborateur
"Bruant, Aristide","Bruant, Aristide",Collaborateur
"Brun, E.","Brun, E.",Collaborateur
"Bruneau, Alfred","Bruneau, Alfred",Collaborateur
"Brunellière, Charles","Brunellière, Charles",Collaborateur
"Buet, Charles","Buet, Charles",Collaborateur
"Buquet, Paul","Buquet, Paul",Collaborateur
"Buriot, Henri","Buriot, Henri",Collaborateur
"Busscher, Lucien de","Busscher, Lucien de",Collaborateur
"Busson, Daniel","Busson, Daniel",Collaborateur
"Buysse, Cyriël","Buysse, Cyriël",Collaborateur
"Byl, Arthur","Byl, Arthur",Collaborateur
C. L.,C. L.,Collaborateur
"Cabanis, Léopold","Cabanis, Léopold",Collaborateur
"Candelari, Roméo","Candelari, Roméo",Collaborateur
"Canqueteau, Joseph","Canqueteau, Joseph",Collaborateur
"Carducci, Giosuè","Carducci, Giosuè",Collaborateur
"Carlyle, Thomas","Carlyle, Thomas",Collaborateur
"Carnot, Hippolyte","Carnot, Hippolyte",Collaborateur
"Carrère, Jean","Carrère, Jean",Collaborateur
"Carrier, Olivier","Carrier, Olivier",Collaborateur
Casema‘or,Casema‘or,Collaborateur
"Castro, Eugenio de","Castro, Eugenio de",Collaborateur
Cathelinat,Cathelinat,Collaborateur
"Cazals, F.-A.","Cazals, F.-A.",Collaborateur
"Céard, Henri","Céard, Henri",Collaborateur
"Cécil, Marie","Cécil, Marie",Collaborateur
"Céhel, Claude","Céhel, Claude",Collaborateur
"Cère, Emile","Cère, Emile",Collaborateur
"Cerfberr, Anatole","Cerfberr, Anatole",Collaborateur
"Cesare, Ciurri","Cesare, Ciurri",Collaborateur
"Ch., J.C.","Ch., J.C.",Collaborateur
"Ch., S.","Ch., S.",Collaborateur
"Chabard, Paul","Chabard, Paul",Collaborateur
"Chaboseau, Augustin","Chaboseau, Augustin",Collaborateur
"Chaigneau, Raphaël","Chaigneau, Raphaël",Collaborateur
"Chalain, Louis","Chalain, Louis",Collaborateur
"Champsaur, Félicien","Champsaur, Félicien",Collaborateur
"Chantonnay, Pierre","Chantonnay, Pierre",Collaborateur
"Chapier, Edmond","Chapier, Edmond",Collaborateur
"Char, Edmond","Char, Edmond",Collaborateur
"Charnay, Maurice","Charnay, Maurice",Collaborateur
"Charpentier, Alexandre","Charpentier, Alexandre",Collaborateur
"Charpentier, Armand","Charpentier, Armand",Collaborateur
"Chatel, Charles","Chatel, Charles",Collaborateur
Chaufat-Gamperd,Chaufat-Gamperd,Collaborateur
"Chauvigné, Auguste","Chauvigné, Auguste",Collaborateur
Chide-Albert,Chide-Albert,Collaborateur
"Chirac, Auguste","Chirac, Auguste",Collaborateur
"Cholin, Henri","Cholin, Henri",Collaborateur
Christophe,Christophe,Collaborateur
"Christophe, Jules","Christophe, Jules",Collaborateur
"Cladel, Judith","Cladel, Judith",Collaborateur
"Cladel, Léon","Cladel, Léon",Collaborateur
"Classe, Eugène","Classe, Eugène",Collaborateur
"Claudel, Paul","Claudel, Paul",Collaborateur
"Claux, Léon","Claux, Léon",Collaborateur
"Clerget, Fernand","Clerget, Fernand",Collaborateur
"Cloüard, Albert","Cloüard, Albert",Collaborateur
"Clozel, J.","Clozel, J.",Collaborateur
"Cohen, Alexandre","Cohen, Alexandre",Collaborateur
Colajanni,Colajanni,Collaborateur
"Colleville, Vicomte de","Colleville, Vicomte de",Collaborateur
"Combes, Paul","Combes, Paul",Collaborateur
"Coolus, Romain","Coolus, Romain",Collaborateur
"Coppée, François","Coppée, François",Collaborateur
Coquelin cadet,Coquelin cadet,Collaborateur
"Corbeaux, Charles","Corbeaux, Charles",Collaborateur
"Corbel, Henri","Corbel, Henri",Collaborateur
"Cordonnier, Emile","Cordonnier, Emile",Collaborateur
"Cormon, F.","Cormon, F.",Collaborateur
"Corneau, Alfred","Corneau, Alfred",Collaborateur
"Cornélissen, Christ","Cornélissen, Christ",Collaborateur
"Corre, Dr A.","Corre, Dr A.",Collaborateur
Cosmopolis,Cosmopolis,Collaborateur
"Costa, Andrea","Costa, Andrea",Collaborateur
"Cottet, Charles","Cottet, Charles",Collaborateur
"Cottinet, Emile","Cottinet, Emile",Collaborateur
"Coulon, François","Coulon, François",Collaborateur
"Coulon, Marcel","Coulon, Marcel",Collaborateur
"Courboin, Eugène","Courboin, Eugène",Collaborateur
"Cousin, Jules","Cousin, Jules",Collaborateur
"Cousturier, Edmond","Cousturier, Edmond",Collaborateur
"Coutant, Gaston","Coutant, Gaston",Collaborateur
"Couturat, Gaston","Couturat, Gaston",Collaborateur
"Cros, Antoine","Cros, Antoine",Collaborateur
"Cros, Edmond","Cros, Edmond",Collaborateur
"Croze, J.-L.","Croze, J.-L.",Collaborateur
"Dalbert, Georges","Dalbert, Georges",Collaborateur
"Dalibard, A.","Dalibard, A.",Collaborateur
"Daniaux, J.","Daniaux, J.",Collaborateur
"Danville, Gaston","Danville, Gaston",Collaborateur
"Dardoize, Emile","Dardoize, Emile",Collaborateur
"Darien, Georges","Darien, Georges",Collaborateur
"Darsiles, Raymond","Darsiles, Raymond",Collaborateur
"Daruty, de Grandpré J.E.","Daruty, de Grandpré J.E.",Collaborateur
"Darzens, Rodolphe","Darzens, Rodolphe",Collaborateur
"Daurelle, Jacques","Daurelle, Jacques",Collaborateur
"Dautel, Gustave","Dautel, Gustave",Collaborateur
"Davautier, Charles","Davautier, Charles",Collaborateur
"Debussy, Claude","Debussy, Claude",Collaborateur
"Declareuil, Joseph","Declareuil, Joseph",Collaborateur
"Decrept, Etienne","Decrept, Etienne",Collaborateur
"Degalvès, J.","Degalvès, J.",Collaborateur
"Degeraisme, J.","Degeraisme, J.",Collaborateur
"Degron, Henri","Degron, Henri",Collaborateur
"Deherme, G.","Deherme, G.",Collaborateur
"Dejoux, Renaud","Dejoux, Renaud",Collaborateur
"Delacour, Charle","Delacour, Charle",Collaborateur
"Delard, Eugène","Delard, Eugène",Collaborateur
"Delaroche, Achille","Delaroche, Achille",Collaborateur
"Delarue-Mardrus, Lucie","Delarue-Mardrus, Lucie",Collaborateur
"Delbousquet, Emmanuel","Delbousquet, Emmanuel",Collaborateur
"Delchevalerie, Charles","Delchevalerie, Charles",Collaborateur
"Delon, A.","Delon, A.",Collaborateur
"Deloncle, Henri","Deloncle, Henri",Collaborateur
"Delor, Dr","Delor, Dr",Collaborateur
"Delvacour, M.","Delvacour, M.",Collaborateur
"Delvaille, Albert","Delvaille, Albert",Collaborateur
"Delvaille, Caro","Delvaille, Caro",Collaborateur
"Demer, O.","Demer, O.",Collaborateur
"Denis, Hector","Denis, Hector",Collaborateur
"Denis, Léon","Denis, Léon",Collaborateur
"Denis, Louis-Léon","Denis, Louis-Léon",Collaborateur
"Denis, Maurice","Denis, Maurice",Collaborateur
"Depré, Ernest","Depré, Ernest",Collaborateur
"Dequillebecq, Léon","Dequillebecq, Léon",Collaborateur
"Desbrosses, Jean","Desbrosses, Jean",Collaborateur
"Descaves, Lucien","Descaves, Lucien",Collaborateur
"Deschamps, Léon","Deschamps, Léon",Collaborateur
"Descreux, V.","Descreux, V.",Collaborateur
"Desloges, Louis","Desloges, Louis",Collaborateur
"Despretz, Julien","Despretz, Julien",Collaborateur
"Desrousseaux, Alexandre","Desrousseaux, Alexandre",Collaborateur
"Destrem, Jean","Destrem, Jean",Collaborateur
"Devise, Fernand","Devise, Fernand",Collaborateur
"Devoluy, Pierre","Devoluy, Pierre",Collaborateur
"Dézamy, Adrien","Dézamy, Adrien",Collaborateur
"Diamandy, G.","Diamandy, G.",Collaborateur
"Dillard, Marius","Dillard, Marius",Collaborateur
Dimokidès,Dimokidès,Collaborateur
"Docquois, Georges","Docquois, Georges",Collaborateur
"Domela-Nieuwenhuis, F.","Domela-Nieuwenhuis, F.",Collaborateur
"Doncieux, Georges","Doncieux, Georges",Collaborateur
"Dorchain, Auguste","Dorchain, Auguste",Collaborateur
"Dorian, Tola","Dorian, Tola",Collaborateur
"Dorville, Max","Dorville, Max",Collaborateur
"Dosogne, Auguste","Dosogne, Auguste",Collaborateur
"Doury, Charles","Doury, Charles",Collaborateur
"Doyen, Edouard","Doyen, Edouard",Collaborateur
"Dreyfus, Robert","Dreyfus, Robert",Collaborateur
"Druilhet, Georges","Druilhet, Georges",Collaborateur
"Drumont, Edouard","Drumont, Edouard",Collaborateur
"Dubedat, Gaston","Dubedat, Gaston",Collaborateur
"Dubois, Gaston","Dubois, Gaston",Collaborateur
"Dubourg, Charles","Dubourg, Charles",Collaborateur
"Dubreuilh, Gaston","Dubreuilh, Gaston",Collaborateur
"Dubus, Édouard","Dubus, Édouard",Collaborateur
"Ducommun, Elie","Ducommun, Elie",Collaborateur
"Ducor, Camille","Ducor, Camille",Collaborateur
"Ducoté, Edouard","Ducoté, Edouard",Collaborateur
"Dufay, Pierre","Dufay, Pierre",Collaborateur
"Dufour, Ernest","Dufour, Ernest",Collaborateur
"Dujardin, Edouard","Dujardin, Edouard",Collaborateur
"Dumur, Louis","Dumur, Louis",Collaborateur
Durand-Dahl,Durand-Dahl,Collaborateur
"Durand-Tahier, H.","Durand-Tahier, H.",Collaborateur
"Durocher, Léon","Durocher, Léon",Collaborateur
"Dutiers, Émile","Dutiers, Émile",Collaborateur
"Duvauchel, Léon","Duvauchel, Léon",Collaborateur
Écrits pour l'art,Écrits pour l'art,Périodique
"Eekhoud, Georges","Eekhoud, Georges",Collaborateur
"Eller, Georges","Eller, Georges",Collaborateur
Ellis,Ellis,Collaborateur
"Ellis, Havelock","Ellis, Havelock",Collaborateur
"Eloy-Vincent, A.","Eloy-Vincent, A.",Collaborateur
"Elslander, Jean-François","Elslander, Jean-François",Collaborateur
"Emerson, Ralph Waldo","Emerson, Ralph Waldo",Collaborateur
"Engels, Friedrich","Engels, Friedrich",Collaborateur
Entretiens politiques et littéraires,Entretiens politiques et littéraires,Périodique
"Eon, Henri","Eon, Henri",Collaborateur
"Eristal, Louis d‘","Eristal, Louis d‘",Collaborateur
"Erlanger, Camille","Erlanger, Camille",Collaborateur
"Ernest, Alfred","Ernest, Alfred",Collaborateur
"Escalus, Léon","Escalus, Léon",Collaborateur
"Espéron, Paul","Espéron, Paul",Collaborateur
"Estienne, Aristide","Estienne, Aristide",Collaborateur
Eugul,Eugul,Collaborateur
"Evecq, J.-L. d'","Evecq, J.-L. d'",Collaborateur
"Eveline, Etienne","Eveline, Etienne",Collaborateur
"Eyjeaux, Michel d'","Eyjeaux, Michel d'",Collaborateur
"F., D.","F., D.",Collaborateur
"Fabre, Edmond","Fabre, Edmond",Collaborateur
"Fabre, Gabriel","Fabre, Gabriel",Collaborateur
"Fagus, Félicien","Fagus, Félicien",Collaborateur
"Faillet, Georges","Faillet, Georges",Collaborateur
"Fau, Fernand","Fau, Fernand",Collaborateur
"Faucher, Gudin","Faucher, Gudin",Collaborateur
"Faure, Sébastien","Faure, Sébastien",Collaborateur
"Fazy, Edmond","Fazy, Edmond",Collaborateur
"Féline, Michel","Féline, Michel",Collaborateur
"Fénéon, Félix","Fénéon, Félix",Collaborateur
"Ferny, Jacques","Ferny, Jacques",Collaborateur
"Ferrier, Fernand","Ferrier, Fernand",Collaborateur
"Fèvre, Henri","Fèvre, Henri",Collaborateur
"Fiamingo, Joseph","Fiamingo, Joseph",Collaborateur
"Flassan, Raxi","Flassan, Raxi",Collaborateur
"Fleury, Maurice de","Fleury, Maurice de",Collaborateur
"Fontainas, André","Fontainas, André",Collaborateur
"Fort, Paul","Fort, Paul",Collaborateur
"Foubert, Emile","Foubert, Emile",Collaborateur
Fourcaud,Fourcaud,Collaborateur
"Fourest, Georges","Fourest, Georges",Collaborateur
"Fournier, Paul","Fournier, Paul",Collaborateur
"Fournière, Eugène","Fournière, Eugène",Collaborateur
Fra Diabolico,Fra Diabolico,Collaborateur
Fra Eremitano,Fra Eremitano,Collaborateur
"Fragerolles, Georges","Fragerolles, Georges",Collaborateur
"Fraipont, G.","Fraipont, G.",Collaborateur
"France, Anatole","France, Anatole",Collaborateur
"France, Hector","France, Hector",Collaborateur
Franc-Nohain,Franc-Nohain,Collaborateur
"Francolin, G.","Francolin, G.",Collaborateur
"Frank, Felix","Frank, Felix",Collaborateur
Freddis,Freddis,Collaborateur
"Friche, Frédéric","Friche, Frédéric",Collaborateur
"G., P.","G., P.",Collaborateur
"G., R.","G., R.",Collaborateur
G. B.,G. B.,Collaborateur
"Gachons, Andhré des","Gachons, Andhré des",Collaborateur
"Gachons, Jacques des","Gachons, Jacques des",Collaborateur
"Gaillard, Eugène","Gaillard, Eugène",Collaborateur
"Galiment, Henri","Galiment, Henri",Collaborateur
"Gardes, Jean","Gardes, Jean",Collaborateur
Garrulus,Garrulus,Collaborateur
"Garschine, Vsevolod","Garschine, Vsevolod",Collaborateur
"Gary de Faviès, Octave","Gary de Faviès, Octave",Collaborateur
"Gasquet, Joachim","Gasquet, Joachim",Collaborateur
"Gauche, Alfred","Gauche, Alfred",Collaborateur
"Gaud, Auguste","Gaud, Auguste",Collaborateur
"Gaultier, Jules de","Gaultier, Jules de",Collaborateur
"Geffroy, Gustave","Geffroy, Gustave",Collaborateur
"George, Stefan","George, Stefan",Collaborateur
"Georges, Henri","Georges, Henri",Collaborateur
"Gérardy, Paul","Gérardy, Paul",Collaborateur
"Germain, Alphonse","Germain, Alphonse",Collaborateur
"Germain, Auguste","Germain, Auguste",Collaborateur
Gervaise,Gervaise,Collaborateur
"Geslain, Th.","Geslain, Th.",Collaborateur
"Ghéon, Henri","Ghéon, Henri",Collaborateur
"Ghil, René","Ghil, René",Collaborateur
"Ghisler, Georges","Ghisler, Georges",Collaborateur
Giboyer,Giboyer,Collaborateur
"Gide, André","Gide, André",Collaborateur
"Gilles, Georges","Gilles, Georges",Collaborateur
"Gillier, Mathieu","Gillier, Mathieu",Collaborateur
"Gineste, Raoul","Gineste, Raoul",Collaborateur
"Gioi, Mat","Gioi, Mat",Collaborateur
"Giot, Ch.","Giot, Ch.",Collaborateur
"Girard, Major","Girard, Major",Collaborateur
"Giroud, Rémy","Giroud, Rémy",Collaborateur
"Godfernaux, André","Godfernaux, André",Collaborateur
"Godin, J.-B.-A.","Godin, J.-B.-A.",Collaborateur
"Goichon, Alexandre","Goichon, Alexandre",Collaborateur
"Gomez-Carrillo, Enrique","Gomez-Carrillo, Enrique",Collaborateur
"Goudeau, Emile","Goudeau, Emile",Collaborateur
"Gourbon, Georges","Gourbon, Georges",Collaborateur
"Gourcuff, Olivier de","Gourcuff, Olivier de",Collaborateur
"Gourdon, Georges","Gourdon, Georges",Collaborateur
"Gourmont, Remy de","Gourmont, Remy de",Collaborateur
"Goutzwiller, Ch.","Goutzwiller, Ch.",Collaborateur
"Grammont, Louis de","Grammont, Louis de",Collaborateur
"Grandmougin, Charles","Grandmougin, Charles",Collaborateur
"Grave, Jean","Grave, Jean",Collaborateur
"Gravelin, Paul","Gravelin, Paul",Collaborateur
"Greef, Guillaume de","Greef, Guillaume de",Collaborateur
"Gregh, Fernand","Gregh, Fernand",Collaborateur
"Greulich, H.","Greulich, H.",Collaborateur
"Grisard, Achille","Grisard, Achille",Collaborateur
"Griveau, Maurice","Griveau, Maurice",Collaborateur
"Groux, Henri de","Groux, Henri de",Collaborateur
Grün,Grün,Collaborateur
"Grunlund, Lawrence","Grunlund, Lawrence",Collaborateur
"Guaita, Stanislas de","Guaita, Stanislas de",Collaborateur
"Guérin, Alcide","Guérin, Alcide",Collaborateur
"Guérin, Charles","Guérin, Charles",Collaborateur
"Guéry, Louis","Guéry, Louis",Collaborateur
"Guesviller, Alfred","Guesviller, Alfred",Collaborateur
"Guiches, Gustave","Guiches, Gustave",Collaborateur
"Guillaume, Louis","Guillaume, Louis",Collaborateur
"Guilot, A. A.","Guilot, A. A.",Collaborateur
"Guitton, Gustave","Guitton, Gustave",Collaborateur
"Guy, A.","Guy, A.",Collaborateur
Guy-Valvor,Guy-Valvor,Collaborateur
"H., D.-T.","H., D.-T.",Collaborateur
H.S.,H.S.,Collaborateur
Hahbien-Thau,Hahbien-Thau,Collaborateur
"Hamelle, Paul","Hamelle, Paul",Collaborateur
"Hamilo, Ludovic","Hamilo, Ludovic",Collaborateur
"Hamon, A.","Hamon, A.",Collaborateur
"Hamsun, Knut","Hamsun, Knut",Collaborateur
"Hansson, Ola","Hansson, Ola",Collaborateur
"Haraucourt, Edmond","Haraucourt, Edmond",Collaborateur
"Harel, Paul","Harel, Paul",Collaborateur
"Haulnoi, Félix","Haulnoi, Félix",Collaborateur
"Hauser, Fernand","Hauser, Fernand",Collaborateur
"Hauteroche, Albert","Hauteroche, Albert",Collaborateur
"Hawthorne, Nathaniel","Hawthorne, Nathaniel",Collaborateur
Heidbrinck,Heidbrinck,Collaborateur
"Heller, Octave","Heller, Octave",Collaborateur
"Hennique, Léon","Hennique, Léon",Collaborateur
"Henri, Charles","Henri, Charles",Collaborateur
"Henry, Émile","Henry, Émile",Collaborateur
"Herbel, E.","Herbel, E.",Collaborateur
"Heredia, José-Maria de","Heredia, José-Maria de",Collaborateur
"Hérold, A.-Ferdinand","Hérold, A.-Ferdinand",Collaborateur
"Herpain, Jules","Herpain, Jules",Collaborateur
"Hervieu, Paul","Hervieu, Paul",Collaborateur
"Hervilly, Ernest d'","Hervilly, Ernest d'",Collaborateur
"Herzen, A.","Herzen, A.",Collaborateur
Hindman,Hindman,Collaborateur
"Hirsch, Charles-Henri","Hirsch, Charles-Henri",Collaborateur
"Hirsch, Paul-Armand","Hirsch, Paul-Armand",Collaborateur
"Holinsky, A.","Holinsky, A.",Collaborateur
"Hollande, Eugène","Hollande, Eugène",Collaborateur
"Holmsen, Bjarne P.","Holmsen, Bjarne P.",Collaborateur
"Houssaye, Arsène","Houssaye, Arsène",Collaborateur
"Hubert, Emile","Hubert, Emile",Collaborateur
"Hubert, Paul","Hubert, Paul",Collaborateur
"Hugo, Victor","Hugo, Victor",Collaborateur
"Hugounet, Paul","Hugounet, Paul",Collaborateur
"Huot, Marie","Huot, Marie",Collaborateur
"Huysmans, Joris-Karl","Huysmans, Joris-Karl",Collaborateur
"Hyspa, Vincent","Hyspa, Vincent",Collaborateur
"Ibels, André","Ibels, André",Collaborateur
"Ibels, Henri-Gabriel","Ibels, Henri-Gabriel",Collaborateur
"Ibsen, Henrik","Ibsen, Henrik",Collaborateur
Imbert,Imbert,Collaborateur
"Issaurat, C.","Issaurat, C.",Collaborateur
Ivanof,Ivanof,Collaborateur
"Izarn Freissinet, comtesse d'","Izarn Freissinet, comtesse d'",Collaborateur
"J., des G.","J., des G.",Collaborateur
J. H.,J. H.,Collaborateur
"J.-L., C.","J.-L., C.",Collaborateur
J. V. D. B.,J. V. D. B.,Collaborateur
"Jaclard, V.","Jaclard, V.",Collaborateur
"Jacobsen, Jens Peter","Jacobsen, Jens Peter",Collaborateur
"Jammes, Francis","Jammes, Francis",Collaborateur
Janin,Janin,Collaborateur
"Jarry, Alfred","Jarry, Alfred",Collaborateur
"Jaubert, E.","Jaubert, E.",Collaborateur
"Jaubert, Ernest","Jaubert, Ernest",Collaborateur
"Jaurès, Jean","Jaurès, Jean",Collaborateur
"Jeannin, Jules","Jeannin, Jules",Collaborateur
"Jeantet, Félix","Jeantet, Félix",Collaborateur
"Jhouney, Albert","Jhouney, Albert",Collaborateur
"Jourdain, Frantz","Jourdain, Frantz",Collaborateur
"Jousselin, Stéphane","Jousselin, Stéphane",Collaborateur
"Jouve, Phoebus","Jouve, Phoebus",Collaborateur
"Jullien, Jean","Jullien, Jean",Collaborateur
"Kahn, Gustave","Kahn, Gustave",Collaborateur
Kaza,Kaza,Collaborateur
"Keats, John","Keats, John",Collaborateur
"Kedar, Louis de","Kedar, Louis de",Collaborateur
"Kenlio, Nicolas","Kenlio, Nicolas",Collaborateur
"Kennan, Georges","Kennan, Georges",Collaborateur
"Kerckhove, Van de","Kerckhove, Van de",Collaborateur
"Kerdaniel, Edouard","Kerdaniel, Edouard",Collaborateur
"Khnopff, Georges","Khnopff, Georges",Collaborateur
"Klingsor, Tristan","Klingsor, Tristan",Collaborateur
"Kolb, Ernest","Kolb, Ernest",Collaborateur
"Kreutzberger, Maurice","Kreutzberger, Maurice",Collaborateur
"Krexpel, J.","Krexpel, J.",Collaborateur
"Krysinska, Marie","Krysinska, Marie",Collaborateur
L.D.,L.D.,Collaborateur
L.L.,L.L.,Collaborateur
L.M.,L.M.,Collaborateur
L'Art social,L'Art social,Périodique
L'Endehors,L'Endehors,Périodique
L'Ermitage,L'Ermitage,Périodique
"L'Ermite, Kalophile","L'Ermite, Kalophile",Collaborateur
"L'Ermite, Pierre","L'Ermite, Pierre",Collaborateur
"L'Ermite, Tristan","L'Ermite, Tristan",Collaborateur
"Labat, Louis","Labat, Louis",Collaborateur
"Labaume, Pierre de","Labaume, Pierre de",Collaborateur
"Lacaze-Duthiers, Gérard","Lacaze-Duthiers, Gérard",Collaborateur
"Lachmann, Hedwig","Lachmann, Hedwig",Collaborateur
"Lacressonnière, Th.","Lacressonnière, Th.",Collaborateur
"Lafargue, Paul","Lafargue, Paul",Collaborateur
"Lafon, François","Lafon, François",Collaborateur
"Laforgue, Jules","Laforgue, Jules",Collaborateur
"Lagarde, Paul","Lagarde, Paul",Collaborateur
"La Jeunesse, Ernest","La Jeunesse, Ernest",Collaborateur
"Laloue, Jules","Laloue, Jules",Collaborateur
"Lam, Frédéric","Lam, Frédéric",Collaborateur
"Lamarche, Pierre","Lamarche, Pierre",Collaborateur
"Lano, Pierre De","Lano, Pierre De",Collaborateur
"Lantoine, Albert","Lantoine, Albert",Collaborateur
"Lapaire, Hugues","Lapaire, Hugues",Collaborateur
"Lapauze, Henri","Lapauze, Henri",Collaborateur
La Plume,La Plume,Collaborateur
Larcher,Larcher,Collaborateur
La Révolte,La Révolte,Périodique
La Revue blanche,La Revue blanche,Périodique
La Revue indépendante,La Revue indépendante,Périodique
La Revue socialiste,La Revue socialiste,Périodique
"Larribeau, Joseph","Larribeau, Joseph",Collaborateur
"La Salle, Gabriel de","La Salle, Gabriel de",Collaborateur
"Lautrec, Gabriel de","Lautrec, Gabriel de",Collaborateur
"Lauzanne, Claude","Lauzanne, Claude",Collaborateur
"Laveleye, E. de","Laveleye, E. de",Collaborateur
"Lazare, Bernard","Lazare, Bernard",Collaborateur
"Lebègue, Léon","Lebègue, Léon",Collaborateur
"Leblond, Marius-Ary","Leblond, Marius-Ary",Collaborateur
"Le Cardonnel, Louis","Le Cardonnel, Louis",Collaborateur
"Le Clerc, René","Le Clerc, René",Collaborateur
"Leclercq, Paul","Leclercq, Paul",Collaborateur
"Leclère, Léon","Leclère, Léon",Collaborateur
"Leclerq, Julien","Leclerq, Julien",Collaborateur
"Lecomte, Georges","Lecomte, Georges",Collaborateur
Leconte,Leconte,Collaborateur
"Le Coq, M. J.","Le Coq, M. J.",Collaborateur
"Le Dantec, Félix","Le Dantec, Félix",Collaborateur
"Le Dauphin, Louis","Le Dauphin, Louis",Collaborateur
Ledoux,Ledoux,Collaborateur
"Legay, Marcel","Legay, Marcel",Collaborateur
"Léger, Camille","Léger, Camille",Collaborateur
Le Goff,Le Goff,Collaborateur
"Le Goffic, Charles","Le Goffic, Charles",Collaborateur
"Legrand, Marc","Legrand, Marc",Collaborateur
"Lejay, Julien","Lejay, Julien",Collaborateur
"Lejeune, Albert","Lejeune, Albert",Collaborateur
Lélio,Lélio,Collaborateur
"Leloir, Maurice","Leloir, Maurice",Collaborateur
"Le Lorrain, Jacques","Le Lorrain, Jacques",Collaborateur
"Lemercier, Eugène","Lemercier, Eugène",Collaborateur
"Lemonnier, Camille","Lemonnier, Camille",Collaborateur
"Lemoyne, André","Lemoyne, André",Collaborateur
"Lenau, Nicolas","Lenau, Nicolas",Collaborateur
"Lenormand, René","Lenormand, René",Collaborateur
Léo,Léo,Collaborateur
"Lepicard, Jean","Lepicard, Jean",Collaborateur
"Le Picault, Loeiz","Le Picault, Loeiz",Collaborateur
"Lépine, Madeleine","Lépine, Madeleine",Collaborateur
"Le Riche, Charles","Le Riche, Charles",Collaborateur
"Lermina, Jules","Lermina, Jules",Collaborateur
Lerond,Lerond,Collaborateur
"Le Rouge, Gustave","Le Rouge, Gustave",Collaborateur
Le Roy,Le Roy,Collaborateur
"Le Roy, Grégoire","Le Roy, Grégoire",Collaborateur
"Lespilette, Camille","Lespilette, Camille",Collaborateur
"Lesserteur, Henri","Lesserteur, Henri",Collaborateur
"Lettil, Ernest","Lettil, Ernest",Collaborateur
"Leune, Albert et Moreau","Leune, Albert et Moreau",Collaborateur
"Leverdays, E.","Leverdays, E.",Collaborateur
"Lévy, Hortense","Lévy, Hortense",Collaborateur
"Lex, Andréa","Lex, Andréa",Collaborateur
Li,Li,Collaborateur
"Libonis, L.","Libonis, L.",Collaborateur
"Limanowski, B.","Limanowski, B.",Collaborateur
"Linert, Auguste","Linert, Auguste",Collaborateur
"Lisboa, Joao de","Lisboa, Joao de",Collaborateur
"Loevy, Edouard","Loevy, Edouard",Collaborateur
"Loliée, Frédéric","Loliée, Frédéric",Collaborateur
"Lombard, Jean","Lombard, Jean",Collaborateur
"Lombardi, V. Emm. C.","Lombardi, V. Emm. C.",Collaborateur
"Lomlart, J.","Lomlart, J.",Collaborateur
"Lorin, Georges","Lorin, Georges",Collaborateur
"Loriot, Florentin","Loriot, Florentin",Collaborateur
"Lorrain, Jean","Lorrain, Jean",Collaborateur
"Loubet, Joseph","Loubet, Joseph",Collaborateur
"Louis, Paul","Louis, Paul",Collaborateur
"Louis, Pierre","Louis, Pierre",Collaborateur
"Louÿs, Pierre","Louÿs, Pierre",Collaborateur
"Luce, Maximilien","Luce, Maximilien",Collaborateur
"Lugné-Poe, A.-F.","Lugné-Poe, A.-F.",Collaborateur
"Lugnier, Antonin","Lugnier, Antonin",Collaborateur
"Lutèce, Louis de","Lutèce, Louis de",Collaborateur
Lutor,Lutor,Collaborateur
"Lynch, Albert","Lynch, Albert",Collaborateur
"M.F, C.","M.F, C.",Collaborateur
M. F.,M. F.,Collaborateur
"Maçon, Pol","Maçon, Pol",Collaborateur
"Maeterlinck, Maurice","Maeterlinck, Maurice",Collaborateur
"Magallon, X. de","Magallon, X. de",Collaborateur
"Magny, Jules","Magny, Jules",Collaborateur
"Maillard, Léon","Maillard, Léon",Collaborateur
"Maître, Un Genevois","Maître, Un Genevois",Collaborateur
"Malan, J.-F.","Malan, J.-F.",Collaborateur
"Malatesta, Errico","Malatesta, Errico",Collaborateur
"Malato, Charles","Malato, Charles",Collaborateur
"Mallarmé, Stéphane","Mallarmé, Stéphane",Collaborateur
"Mallon, Benoît","Mallon, Benoît",Collaborateur
"Malo, Henri","Malo, Henri",Collaborateur
"Malquin, Ludovic","Malquin, Ludovic",Collaborateur
"Malterre, Félix","Malterre, Félix",Collaborateur
"Malthuriel, Marie","Malthuriel, Marie",Collaborateur
"Malvost, Henri de","Malvost, Henri de",Collaborateur
"Mancel, Sabine","Mancel, Sabine",Collaborateur
"Manescau, Jean","Manescau, Jean",Collaborateur
"Marchand, Camille","Marchand, Camille",Collaborateur
"Marcussen, Paul","Marcussen, Paul",Collaborateur
"Marès, Roland de","Marès, Roland de",Collaborateur
"Marestan, Jean","Marestan, Jean",Collaborateur
"Maret, Henry","Maret, Henry",Collaborateur
"Maret-Leriche, J.","Maret-Leriche, J.",Collaborateur
"Margueritte, Paul","Margueritte, Paul",Collaborateur
"Marinetti, F.-T.","Marinetti, F.-T.",Collaborateur
"Marius-André, Paul","Marius-André, Paul",Collaborateur
"Marquant, Ulysse","Marquant, Ulysse",Collaborateur
"Marthold, Jules de","Marthold, Jules de",Collaborateur
"Martin, Gabriel","Martin, Gabriel",Collaborateur
"Marx, Karl","Marx, Karl",Collaborateur
"Maryx, Camille","Maryx, Camille",Collaborateur
"Masquard, E. de","Masquard, E. de",Collaborateur
"Masson, Paul","Masson, Paul",Collaborateur
Matgioi,Matgioi,Collaborateur
"Mathieu, Gustave","Mathieu, Gustave",Collaborateur
Matita,Matita,Collaborateur
"Maubert, Camille","Maubert, Camille",Collaborateur
"Mauchel, Lucien","Mauchel, Lucien",Collaborateur
"Mauclair, Camille","Mauclair, Camille",Collaborateur
"Maud, Pierre L.","Maud, Pierre L.",Collaborateur
"Maurras, Charles","Maurras, Charles",Collaborateur
"Maus, Octave","Maus, Octave",Collaborateur
"Mayor, Henri","Mayor, Henri",Collaborateur
"Maysonnier, Danton (Don Antenna)","Maysonnier, Danton (Don Antenna)",Collaborateur
"Maze, Auguste","Maze, Auguste",Collaborateur
"Mazel, Fortuné","Mazel, Fortuné",Collaborateur
"Mazel, Henri","Mazel, Henri",Collaborateur
"Meignan, V.","Meignan, V.",Collaborateur
"Melnotte, Victor","Melnotte, Victor",Collaborateur
"Ménard, Louis","Ménard, Louis",Collaborateur
"Mendels, Gustave","Mendels, Gustave",Collaborateur
"Mercier, Alexandre","Mercier, Alexandre",Collaborateur
"Merle, Hadrien","Merle, Hadrien",Collaborateur
"Merrill, Stuart","Merrill, Stuart",Collaborateur
"Méry, Jules","Méry, Jules",Collaborateur
"Métaireau, Emile","Métaireau, Emile",Collaborateur
"Métin, Albert","Métin, Albert",Collaborateur
"Meunier, Dauphin","Meunier, Dauphin",Collaborateur
"Michel, Louise","Michel, Louise",Collaborateur
Michelet,Michelet,Collaborateur
"Michelet, Victor-Émile","Michelet, Victor-Émile",Collaborateur
"Milès, Jean","Milès, Jean",Collaborateur
"Millé, C.","Millé, C.",Collaborateur
"Minck, Paul","Minck, Paul",Collaborateur
Mirailles,Mirailles,Collaborateur
"Mirbeau, Octave","Mirbeau, Octave",Collaborateur
"Mitty, Jean de","Mitty, Jean de",Collaborateur
"Mockel, Albert","Mockel, Albert",Collaborateur
"Modeste, V.","Modeste, V.",Collaborateur
"Montoja, Gabriel","Montoja, Gabriel",Collaborateur
Montprofit,Montprofit,Collaborateur
"Montrueyrou, Louis","Montrueyrou, Louis",Collaborateur
"Moore, George","Moore, George",Collaborateur
"Moréas, Jean","Moréas, Jean",Collaborateur
"Moreau, A.","Moreau, A.",Collaborateur
"Moreau, E.","Moreau, E.",Collaborateur
"Moreau, G.","Moreau, G.",Collaborateur
"Moreilhon, Gaston","Moreilhon, Gaston",Collaborateur
"Morel, Eugène","Morel, Eugène",Collaborateur
"Morhardt, Mathias","Morhardt, Mathias",Collaborateur
"Morice, Charles","Morice, Charles",Collaborateur
"Morin, A.","Morin, A.",Collaborateur
"Mornand, Henri","Mornand, Henri",Collaborateur
"Morsier, Emilie de","Morsier, Emilie de",Collaborateur
"Mortsauf, Jean","Mortsauf, Jean",Collaborateur
"Mougel, Charles","Mougel, Charles",Collaborateur
"Mourey, Gabriel","Mourey, Gabriel",Collaborateur
"Muchart, Henri","Muchart, Henri",Collaborateur
"Muhlfeld, Lucien","Muhlfeld, Lucien",Collaborateur
"Müller, Otto","Müller, Otto",Collaborateur
Multatuli,Multatuli,Collaborateur
"Musoin, P.","Musoin, P.",Collaborateur
"Myrbach, Félicien de","Myrbach, Félicien de",Collaborateur
"N., F.","N., F.",Collaborateur
N.D.L.R.,N.D.L.R.,Collaborateur
"Natanson, Louis-Alfred","Natanson, Louis-Alfred",Collaborateur
"Natanson, Thadée","Natanson, Thadée",Collaborateur
"Nau, John-Antoine","Nau, John-Antoine",Collaborateur
"Ner, Henri","Ner, Henri",Collaborateur
"Néthy, Jean de","Néthy, Jean de",Collaborateur
"Niard, François","Niard, François",Collaborateur
"Nibor, Yann","Nibor, Yann",Collaborateur
Nietzsche,Nietzsche,Collaborateur
"Night, Mathias","Night, Mathias",Collaborateur
"Nion, François de","Nion, François de",Collaborateur
"Noël, Alexis","Noël, Alexis",Collaborateur
"Nolhac, Pierre de","Nolhac, Pierre de",Collaborateur
"Nouhaud, Maurice","Nouhaud, Maurice",Collaborateur
"Noury, Gaston","Noury, Gaston",Collaborateur
Noyrb,Noyrb,Collaborateur
"Nus, Eugène","Nus, Eugène",Collaborateur
"Nyst, Raymond","Nyst, Raymond",Collaborateur
"Olin, Pierre-Marie","Olin, Pierre-Marie",Collaborateur
"Oliveira Soares, Antonio d'","Oliveira Soares, Antonio d'",Collaborateur
"Ollivier, Jules","Ollivier, Jules",Collaborateur
"Orhand, Joseph","Orhand, Joseph",Collaborateur
"Ourousof, Le Prince Alexandre","Ourousof, Le Prince Alexandre",Collaborateur
"P., L. I.","P., L. I.",Collaborateur
P. V.,P. V.,Collaborateur
"Padoux, Georges","Padoux, Georges",Collaborateur
"Paepe, C. de","Paepe, C. de",Collaborateur
"Page, Paul","Page, Paul",Collaborateur
"Palante, Georges","Palante, Georges",Collaborateur
"Papus, G.-E.","Papus, G.-E.",Collaborateur
"Parazzoli, Maria","Parazzoli, Maria",Collaborateur
"Parine, P.","Parine, P.",Collaborateur
"Paschal, Léon","Paschal, Léon",Collaborateur
Pecqueur,Pecqueur,Collaborateur
"Pecqueur, Constantin","Pecqueur, Constantin",Collaborateur
"Péguy, Charles","Péguy, Charles",Collaborateur
"Péladan, Joséphin","Péladan, Joséphin",Collaborateur
"Pelletier, Abel","Pelletier, Abel",Collaborateur
"Pellier, Eugène","Pellier, Eugène",Collaborateur
"Pelloutier, Fernand","Pelloutier, Fernand",Collaborateur
"Pentoppidan, Henrik","Pentoppidan, Henrik",Collaborateur
"Percheron, Paul","Percheron, Paul",Collaborateur
"Perrée, Edmond","Perrée, Edmond",Collaborateur
"Perrier, Nicolas","Perrier, Nicolas",Collaborateur
Petit Roy d'Annam,Petit Roy d'Annam,Collaborateur
Philbert,Philbert,Collaborateur
"Philibert, Jean","Philibert, Jean",Collaborateur
"Philippe, Charles- Louis","Philippe, Charles- Louis",Collaborateur
"Picard, Edmond","Picard, Edmond",Collaborateur
"Pilon, Edmond","Pilon, Edmond",Collaborateur
"Pioget, Julien","Pioget, Julien",Collaborateur
"Pitou, Charles","Pitou, Charles",Collaborateur
"Pitoux, F.","Pitoux, F.",Collaborateur
Platon,Platon,Collaborateur
"Plessys, Maurice du","Plessys, Maurice du",Collaborateur
"Plichon, R.","Plichon, R.",Collaborateur
"Poisson, A.","Poisson, A.",Collaborateur
"Poizat, Alfred","Poizat, Alfred",Collaborateur
"Pompery, E. de","Pompery, E. de",Collaborateur
"Ponsard, René","Ponsard, René",Collaborateur
"Popelin, Claudius","Popelin, Claudius",Collaborateur
"Portal, Emile","Portal, Emile",Collaborateur
"Pottier, Eugène","Pottier, Eugène",Collaborateur
"Poussin, Alfred","Poussin, Alfred",Collaborateur
"Pouvillon, Emile","Pouvillon, Emile",Collaborateur
"Praxis, Théo","Praxis, Théo",Collaborateur
"Presse, La Parisienne.","Presse, La Parisienne.",Collaborateur
"Privas, Xavier","Privas, Xavier",Collaborateur
"Proudhon, Pierre-Joseph","Proudhon, Pierre-Joseph",Collaborateur
"Proust, Marcel","Proust, Marcel",Collaborateur
Prozor,Prozor,Collaborateur
"Psichari, Jean","Psichari, Jean",Collaborateur
"Quillard, Pierre","Quillard, Pierre",Collaborateur
"Quincey, Thomas de","Quincey, Thomas de",Collaborateur
"Quinel, Charles","Quinel, Charles",Collaborateur
"Rabbe, Félix","Rabbe, Félix",Collaborateur
Rachilde,Rachilde,Collaborateur
"Radiot, Paul","Radiot, Paul",Collaborateur
"Radoux, Albert","Radoux, Albert",Collaborateur
"Raiga, E.","Raiga, E.",Collaborateur
"Raismes, Gaston de","Raismes, Gaston de",Collaborateur
"Rambosson, Yvanhoé","Rambosson, Yvanhoé",Collaborateur
"Randal, Théodore","Randal, Théodore",Collaborateur
"Randon, Gabriel","Randon, Gabriel",Collaborateur
"Ranson, Paul","Ranson, Paul",Collaborateur
"Raquin, Octave","Raquin, Octave",Collaborateur
"Raynaud, Ernest","Raynaud, Ernest",Collaborateur
"Rebell, Hugues","Rebell, Hugues",Collaborateur
"Reclus, Elie","Reclus, Elie",Collaborateur
"Reclus, Elisée","Reclus, Elisée",Collaborateur
"Récy, René de","Récy, René de",Collaborateur
"Redon, Odilon","Redon, Odilon",Collaborateur
"Redonnel, Paul","Redonnel, Paul",Collaborateur
"Régamey, Félix","Régamey, Félix",Collaborateur
"Régnard, A.","Régnard, A.",Collaborateur
"Régnier, Henri de","Régnier, Henri de",Collaborateur
Rekhoud,Rekhoud,Collaborateur
"Remacle, Adrien","Remacle, Adrien",Collaborateur
"Remouchamps, Victor","Remouchamps, Victor",Collaborateur
"Remy, Marcel","Remy, Marcel",Collaborateur
"Renan, Ary","Renan, Ary",Collaborateur
"Renan, Ernest","Renan, Ernest",Collaborateur
"Renard, Georges","Renard, Georges",Collaborateur
"Renard, Jules","Renard, Jules",Collaborateur
"Renaud, Jacques","Renaud, Jacques",Collaborateur
"Renault, Emile","Renault, Emile",Collaborateur
"Reni, Viola","Reni, Viola",Collaborateur
Renié,Renié,Collaborateur
"Renoult, E.","Renoult, E.",Collaborateur
Renout,Renout,Collaborateur
"Retté, Adolphe","Retté, Adolphe",Collaborateur
"Rhead, Louis- J.","Rhead, Louis- J.",Collaborateur
"Ribeyre, Henri","Ribeyre, Henri",Collaborateur
"Richepin, Jean","Richepin, Jean",Collaborateur
"Ricrède, J.","Ricrède, J.",Collaborateur
"Rictus, Jehan","Rictus, Jehan",Collaborateur
"Ridal, Fulgence","Ridal, Fulgence",Collaborateur
"Ridel, Léopold","Ridel, Léopold",Collaborateur
Rienzi,Rienzi,Collaborateur
"Rimbaud, Arthur","Rimbaud, Arthur",Collaborateur
"Rimbaud, Mlle Isabelle","Rimbaud, Mlle Isabelle",Collaborateur
"Riotor, Léon","Riotor, Léon",Collaborateur
Rippl-Ronaï,Rippl-Ronaï,Collaborateur
"Ritter, William","Ritter, William",Collaborateur
"Rittinghausen, Emma","Rittinghausen, Emma",Collaborateur
"Rivet, Gustave","Rivet, Gustave",Collaborateur
"Robert, Gustave","Robert, Gustave",Collaborateur
"Roberty, E. de","Roberty, E. de",Collaborateur
"Rochel, Clément","Rochel, Clément",Collaborateur
"Rochetin, Eugène","Rochetin, Eugène",Collaborateur
"Rodenbach, Georges","Rodenbach, Georges",Collaborateur
"Roinard, Paul-Napoléon","Roinard, Paul-Napoléon",Collaborateur
"Roldes, Maxence","Roldes, Maxence",Collaborateur
"Roscius, Philarinthe","Roscius, Philarinthe",Collaborateur
"Rosny, J.-H.","Rosny, J.-H.",Collaborateur
"Rouanet, G.","Rouanet, G.",Collaborateur
"Rouanet, Gustave","Rouanet, Gustave",Collaborateur
"Rouget, Paul","Rouget, Paul",Collaborateur
"Rousseau, Emmanuel","Rousseau, Emmanuel",Collaborateur
"Roussel, Georges","Roussel, Georges",Collaborateur
"Roussel, K. X.","Roussel, K. X.",Collaborateur
"Roussey-Dalon, F.","Roussey-Dalon, F.",Collaborateur
"Royelle, Paul","Royelle, Paul",Collaborateur
"Roz, Firmin","Roz, Firmin",Collaborateur
"Ruelle, Angelin","Ruelle, Angelin",Collaborateur
Ryo-Menarlec,Ryo-Menarlec,Collaborateur
"Rzewuski, Stanislas","Rzewuski, Stanislas",Collaborateur
"S., A.","S., A.",Collaborateur
"S., Clara","S., Clara",Collaborateur
"S., M.","S., M.",Collaborateur
"Sabatier, Antoine","Sabatier, Antoine",Collaborateur
"Sagnol, J.","Sagnol, J.",Collaborateur
Saint-Antoine,Saint-Antoine,Collaborateur
"Saint-Auban, Emile de","Saint-Auban, Emile de",Collaborateur
"Saint-Cère, Jacques","Saint-Cère, Jacques",Collaborateur
"Sainte-Brigitte, Paul","Sainte-Brigitte, Paul",Collaborateur
Sainte-Claire,Sainte-Claire,Collaborateur
"Saint-Jacques, Louis de","Saint-Jacques, Louis de",Collaborateur
"Saint-Jean, Pierre de","Saint-Jean, Pierre de",Collaborateur
Saint-Mieux,Saint-Mieux,Collaborateur
"Saint-Paul, Albert","Saint-Paul, Albert",Collaborateur
Saint-Pol-Roux,Saint-Pol-Roux,Collaborateur
"Saint-Saëns, Camille","Saint-Saëns, Camille",Collaborateur
"Saint-Turon, A. L. M.","Saint-Turon, A. L. M.",Collaborateur
"Salandri, Gaston","Salandri, Gaston",Collaborateur
"Salarnier, François","Salarnier, François",Collaborateur
"Sallé, Henri","Sallé, Henri",Collaborateur
"Salle, Louis de la","Salle, Louis de la",Collaborateur
"Salvator, Rémy","Salvator, Rémy",Collaborateur
"Sangor, Michel","Sangor, Michel",Collaborateur
Sannier,Sannier,Collaborateur
"Sansone, Francesco","Sansone, Francesco",Collaborateur
"Sarcey, Francisque","Sarcey, Francisque",Collaborateur
"Saulaies, Aurella des","Saulaies, Aurella des",Collaborateur
Saulgrain,Saulgrain,Collaborateur
"Saulnay, Sylvain de","Saulnay, Sylvain de",Collaborateur
"Saunier, Charles","Saunier, Charles",Collaborateur
"Saurin, Daniel","Saurin, Daniel",Collaborateur
"Saussey, Victorien de","Saussey, Victorien de",Collaborateur
"Sauvageots, L. des","Sauvageots, L. des",Collaborateur
"Savary, Joseph","Savary, Joseph",Collaborateur
"Scheffer, Robert","Scheffer, Robert",Collaborateur
"Schmitt, Jean-Emmanuel","Schmitt, Jean-Emmanuel",Collaborateur
"Scholl, Aurélien","Scholl, Aurélien",Collaborateur
"Schopfer, Jean","Schopfer, Jean",Collaborateur
"Séailles, Maurice","Séailles, Maurice",Collaborateur
"Second, Henri","Second, Henri",Collaborateur
"Segard, Achille","Segard, Achille",Collaborateur
Ségé,Ségé,Collaborateur
"Seigneur, Maurice du","Seigneur, Maurice du",Collaborateur
"Séon, Alexandre","Séon, Alexandre",Collaborateur
Serenus,Serenus,Collaborateur
"Sérusier, Paul","Sérusier, Paul",Collaborateur
"Servant, Stéphane","Servant, Stéphane",Collaborateur
"Servante, La","Servante, La",Collaborateur
Serwy,Serwy,Collaborateur
"Signoret, Emmanuel","Signoret, Emmanuel",Collaborateur
"Silvestre, A.","Silvestre, A.",Collaborateur
Simon,Simon,Collaborateur
"Simon, E.","Simon, E.",Collaborateur
"Singer, Winnaretta","Singer, Winnaretta",Collaborateur
Sinocim,Sinocim,Collaborateur
"Sinval, Armand","Sinval, Armand",Collaborateur
"Sitt, O. de","Sitt, O. de",Collaborateur
"Sluyts, Charles","Sluyts, Charles",Collaborateur
"Snell, Raoul","Snell, Raoul",Collaborateur
"Soinet, Emile","Soinet, Emile",Collaborateur
"Sonnet, A.","Sonnet, A.",Collaborateur
Sorgue,Sorgue,Collaborateur
"Souchet, Jules","Souchet, Jules",Collaborateur
"Souchon, Paul","Souchon, Paul",Collaborateur
"Souètre, Olivier","Souètre, Olivier",Collaborateur
"Soulaine, Pierre","Soulaine, Pierre",Collaborateur
"Soulier, Gustave","Soulier, Gustave",Collaborateur
"Soutif, René","Soutif, René",Collaborateur
"Spéro, Alexis","Spéro, Alexis",Collaborateur
Stalnoé,Stalnoé,Collaborateur
"Stancesco, Démètre","Stancesco, Démètre",Collaborateur
"Stead, William Thomas","Stead, William Thomas",Collaborateur
"Steen, Jan","Steen, Jan",Collaborateur
Stendhal,Stendhal,Collaborateur
"Sténot, Joachim","Sténot, Joachim",Collaborateur
"Stiegler, Gaston","Stiegler, Gaston",Collaborateur
"Stirner, Max","Stirner, Max",Collaborateur
"St-Maurice, Joleaud de","St-Maurice, Joleaud de",Collaborateur
"Strada, J. de","Strada, J. de",Collaborateur
"Strentz, Henri","Strentz, Henri",Collaborateur
"Strick, Owen","Strick, Owen",Collaborateur
"Striyenski, Casimir","Striyenski, Casimir",Collaborateur
"Sturza, A.","Sturza, A.",Collaborateur
"Sullam, Marc","Sullam, Marc",Collaborateur
"Suria, Jean","Suria, Jean",Collaborateur
"Swan, Harold","Swan, Harold",Collaborateur
"Swan, Harry","Swan, Harry",Collaborateur
"Sylvius, Docteur","Sylvius, Docteur",Collaborateur
"Tabarant, Adolphe","Tabarant, Adolphe",Collaborateur
"Tailhade, Laurent","Tailhade, Laurent",Collaborateur
"Tailhède, Raymond de la","Tailhède, Raymond de la",Collaborateur
"Tarde, Gabriel","Tarde, Gabriel",Collaborateur
"Tarde, Gustave","Tarde, Gustave",Collaborateur
"Tardieu, Emile","Tardieu, Emile",Collaborateur
"Tardivaux, René","Tardivaux, René",Collaborateur
"Tarride, Abel","Tarride, Abel",Collaborateur
"Tatin, G.","Tatin, G.",Collaborateur
"Tauchard, Henri","Tauchard, Henri",Collaborateur
"Taylor, Georges","Taylor, Georges",Collaborateur
"Tchékhov, Anton","Tchékhov, Anton",Collaborateur
"Téhenne, André","Téhenne, André",Collaborateur
"Tellier, Jaques","Tellier, Jaques",Collaborateur
"Teneo, Martial","Teneo, Martial",Collaborateur
"Ténib, Charles","Ténib, Charles",Collaborateur
"Tennyson, Alfred","Tennyson, Alfred",Collaborateur
"Térhence, André","Térhence, André",Collaborateur
"Tesseyre, N.","Tesseyre, N.",Collaborateur
"Teulié, H.","Teulié, H.",Collaborateur
"Th., Al.","Th., Al.",Collaborateur
"Thebault, Eugène","Thebault, Eugène",Collaborateur
"Thédenat, Raymond","Thédenat, Raymond",Collaborateur
"Thonnar, Albert","Thonnar, Albert",Collaborateur
"Thooris, Alfred","Thooris, Alfred",Collaborateur
"Thorel, Jean","Thorel, Jean",Collaborateur
Thurane,Thurane,Collaborateur
"Tiercelin, Louis","Tiercelin, Louis",Collaborateur
"Tolstoi, Léon","Tolstoi, Léon",Collaborateur
"Toubeau, Albert","Toubeau, Albert",Collaborateur
"Toulouse-Lautrec, Henri de","Toulouse-Lautrec, Henri de",Collaborateur
"Trachsel, A.","Trachsel, A.",Collaborateur
"Tranchant, Alfred","Tranchant, Alfred",Collaborateur
"Tridon, G.","Tridon, G.",Collaborateur
"Trigant-Geneste, J.","Trigant-Geneste, J.",Collaborateur
"Trimouillat, Pierre","Trimouillat, Pierre",Collaborateur
Trissotin,Trissotin,Collaborateur
"Trocy, Pierre","Trocy, Pierre",Collaborateur
"Troubat, Fernand","Troubat, Fernand",Collaborateur
Tsuyouki,Tsuyouki,Collaborateur
"Twain, Mark","Twain, Mark",Collaborateur
Umano,Umano,Collaborateur
"Vacoutat, Jules","Vacoutat, Jules",Collaborateur
"Vacquerie, Auguste","Vacquerie, Auguste",Collaborateur
"Valéry, Paul","Valéry, Paul",Collaborateur
"Valette, Aline","Valette, Aline",Collaborateur
"Valin, Pierre","Valin, Pierre",Collaborateur
"Valled, Jules","Valled, Jules",Collaborateur
"Vallin, Robert","Vallin, Robert",Collaborateur
"Vallotton, Félix","Vallotton, Félix",Collaborateur
"Valois, Rude","Valois, Rude",Collaborateur
"Valvor, Guy","Valvor, Guy",Collaborateur
"Van, Bore","Van, Bore",Collaborateur
"Vandervelde, Emile","Vandervelde, Emile",Collaborateur
"Vanor, Georges","Vanor, Georges",Collaborateur
"Varvara, Mario","Varvara, Mario",Collaborateur
"Vaudémont, Henri","Vaudémont, Henri",Collaborateur
"Vautrey, Gustave","Vautrey, Gustave",Collaborateur
"Veber, Adrien","Veber, Adrien",Collaborateur
"Veber, Pierre","Veber, Pierre",Collaborateur
"Veeck, Eugène","Veeck, Eugène",Collaborateur
"Veidaux, André","Veidaux, André",Collaborateur
"Venancourt, Daniel de","Venancourt, Daniel de",Collaborateur
"Verdaguer, Jacinto","Verdaguer, Jacinto",Collaborateur
"Verhaeren, Emile","Verhaeren, Emile",Collaborateur
"Verlaine, Paul","Verlaine, Paul",Collaborateur
"Vermeil, Emile","Vermeil, Emile",Collaborateur
"Vernon, Robert","Vernon, Robert",Collaborateur
"Vérola, Paul","Vérola, Paul",Collaborateur
"Vialeron, V.","Vialeron, V.",Collaborateur
"Vicaire, Gabriel","Vicaire, Gabriel",Collaborateur
"Vielé-Griffin, Francis","Vielé-Griffin, Francis",Collaborateur
"Villiers de l'Isle-Adam, Auguste","Villiers de l'Isle-Adam, Auguste",Collaborateur
"Villon, François","Villon, François",Collaborateur
"Vincent, Eloy","Vincent, Eloy",Collaborateur
"Vincent, Franck","Vincent, Franck",Collaborateur
"Vingt, E.","Vingt, E.",Collaborateur
"Viollis, Jean","Viollis, Jean",Collaborateur
"Vitoux, G.","Vitoux, G.",Collaborateur
"Vogt, William","Vogt, William",Collaborateur
"Voisins, A. Gilbert de","Voisins, A. Gilbert de",Collaborateur
"Vuillard, Emile","Vuillard, Emile",Collaborateur
"Wagrez, Jaques","Wagrez, Jaques",Collaborateur
"Watyn, Emile","Watyn, Emile",Collaborateur
"Whistler, James Abbott McNeill","Whistler, James Abbott McNeill",Collaborateur
"White, J. E.","White, J. E.",Collaborateur
"White, James E.","White, James E.",Collaborateur
"Whitman, Walt","Whitman, Walt",Collaborateur
Willy,Willy,Collaborateur
"Wronski, Hoëné","Wronski, Hoëné",Collaborateur
"Wyzewa, Téodor de","Wyzewa, Téodor de",Collaborateur
X.,X.,Collaborateur
Xanrof,Xanrof,Collaborateur
Yoghi (Un),Yoghi (Un),Collaborateur
"Zilcken, Philip","Zilcken, Philip",Collaborateur
"Zisly, Henri","Zisly, Henri",Collaborateur
"Zola, Emile","Zola, Emile",Collaborateur
